{
    "$schema": "https://schema.management.azure.com/schemas/2015-01-01/deploymentTemplate.json#",
    "contentVersion": "1.0.0.0",

    "parameters": {

        "publicDnsName": {
            "type": "string",
	     "metadata": {
                "description": "Unique public DNS prefix for the deployment. The fqdn will look something like '<dnsname>.westus.cloudapp.azure.com'. Up to 62 chars, digits or dashes, lowercase, should start with a letter: must conform to '^[a-z][a-z0-9-]{1,61}[a-z0-9]$'."
            }
        },
        "newStorageAccountName": {
            "type": "string",
            "metadata": {
                "description": "Name of the Storage Account. This has to be a uinique name, up to 24 chars, all lowercase."
            }
        },

        "domainName": {
            "type": "string",
            "defaultValue": "test.local",
            "metadata": {
                "description": "The FQDN of the AD domain"
            }
        },
        "adminUsername": {
            "type": "string",
	     "defaultValue": "ericom",
            "metadata": {
                "description": "The name of the administrator of the new VM and the domain. Exclusion list: 'administrator'"
            }
        },
        "adminPassword": {
            "type": "securestring",
	     "defaultValue": "Ericom123$",
            "metadata": {
                "description": "The password for the administrator account of the new VM and the domain"
            }
        },
        "numberOfRdshInstances": {
            "type": "int",
            "defaultValue": 1,
            "metadata": {
                "description": "Number of RDSH instances"
            }
        },
        "rdshVmSize": {
            "type": "string",
            "defaultValue": "Standard_D2",
            "metadata": {
                "description": "The size of the RDSH VMs"
            }
        },

        "assetLocation": {
            "type": "string",
            "defaultValue": "https://raw.githubusercontent.com/ErezPasternak/azure-quickstart-templates/EricomConnect/ec-deployment-new",
            "metadata": {
                "description": "The location of resources such as templates and DSC modules that the script is dependent"
            }
        }
    },

    "variables": {
        "imagePublisher": "MicrosoftWindowsServer",
        "imageOffer": "WindowsServer",
        "imageSKU": "2012-R2-Datacenter",
        "vnetAddressRange": "10.0.0.0/16",
        "subnetAddressRange": "10.0.0.0/24",
        "dnsServerPrivateIp": "10.0.0.8",
        "subnetName": "Subnet",
        "subnet-id": "[concat(resourceId('Microsoft.Network/virtualNetworks','VNET'),'/subnets/',variables('subnetName'))]",
	 "customScriptLocation": "https://raw.githubusercontent.com/ErezPasternak/azure-quickstart-templates/EricomConnect/ec-deployment-new/",
        "publicIpRef": "publicIp",
	"ecGridname" : "ecgrid",
	"sqlserver" : "localhost",
	"sqluser"  : "sa",
	"sqlpassword" : "sapass"
    },
 
    "resources": [

        {
            "apiVersion": "2015-05-01-preview",
            "type": "Microsoft.Network/publicIPAddresses",
            "name": "[variables('publicIpRef')]",
            "location": "[resourceGroup().location]",
            "properties": {
                "publicIPAllocationMethod": "Dynamic",
                "dnsSettings": {
                    "domainNameLabel": "[parameters('publicDnsName')]"
                }
            }
        },
        {
            "apiVersion": "2015-05-01-preview",
            "type": "Microsoft.Storage/storageAccounts",
            "name": "[parameters('newStorageAccountName')]",
            "location": "[resourceGroup().location]",
            "properties": {
                "accountType": "Standard_LRS"
            }
        },
        {
            "apiVersion": "2015-05-01-preview",
            "type": "Microsoft.Compute/availabilitySets",
            "name": "availabilityset",
            "location": "[resourceGroup().location]"
        },

        {
            "apiVersion": "2015-05-01-preview",
            "type": "Microsoft.Network/virtualNetworks",
            "name": "vnet",
            "location": "[resourceGroup().location]",
            "properties": {
                "addressSpace": {
                    "addressPrefixes": [
                        "[variables('vnetAddressRange')]"
                    ]
                },
                "subnets": [
                    {
                        "name": "[variables('subnetName')]",
                        "properties": {
                            "addressPrefix": "[variables('subnetAddressRange')]"
                        }
                    }
                ]
            }
        },

        {
            "apiVersion": "2015-05-01-preview",
            "type": "Microsoft.Network/loadBalancers",
            "name": "loadBalancer",
            "location": "[resourceGroup().location]",
            "dependsOn": [
                "[concat('Microsoft.Network/publicIPAddresses/',variables('publicIpRef'))]"
            ],
            "properties": {
                "frontendIPConfigurations": [
                    {
                        "name": "LBFE",
                        "properties": {
                            "publicIPAddress": {
                                "id": "[resourceId('Microsoft.Network/publicIPAddresses',variables('publicIpRef'))]"
                            }
                        }
                    }
                ],
                "backendAddressPools": [
                    {
                        "name": "LBBAP"
                    }
                ],
                "inboundNatRules": [
                    {
                        "name": "https",
                        "properties": {
                            "frontendIPConfiguration": {
                                "id": "[concat(resourceId('Microsoft.Network/loadBalancers','loadBalancer'),'/frontendIPConfigurations/LBFE')]"
                            },
                            "protocol": "tcp",
                            "frontendPort": 443,
                            "backendPort": 443,
                            "enableFloatingIP": false
                        }
                    },
                    {
                        "name": "gateway",
                        "properties": {
                            "frontendIPConfiguration": {
                                "id": "[concat(resourceId('Microsoft.Network/loadBalancers','loadBalancer'),'/frontendIPConfigurations/LBFE')]"
                            },
                            "protocol": "udp",
                            "frontendPort": 3391,
                            "backendPort": 3391,
                            "enableFloatingIP": false
                        }
                    }
                ]
            }
        },

        {
            "apiVersion": "2015-05-01-preview",
            "type": "Microsoft.Network/networkInterfaces",
            "name": "dc-nif",
            "location": "[resourceGroup().location]",
            "dependsOn": [
                "Microsoft.Network/virtualNetworks/vnet"
            ],
            "properties": {
                "ipConfigurations": [
                    {
                        "name": "ipconfig",
                        "properties": {
                            "privateIPAllocationMethod": "Static",
                            "privateIPAddress": "[variables('dnsServerPrivateIp')]",
                            "subnet": {
                                "id": "[variables('subnet-id')]"
                            }
                        }
                    }
                ]
            }
        },

        {
            "apiVersion": "2015-05-01-preview",
            "type": "Microsoft.Compute/virtualMachines",
            "name": "dc-vm",
            "location": "[resourceGroup().location]",
            "dependsOn": [
                "[resourceId('Microsoft.Storage/storageAccounts',parameters('newStorageAccountName'))]",
                "[resourceId('Microsoft.Network/networkInterfaces','dc-nif')]"
            ],
            "properties": {
                "hardwareProfile": {
                    "vmSize": "Standard_D2"
		 },
                "osProfile": {
                    "computerName": "dc",
                    "adminUsername": "[parameters('adminUsername')]",
                    "adminPassword": "[parameters('adminPassword')]"
                },
                "storageProfile": {
                    "imageReference": {
                        "publisher": "[variables('imagePublisher')]",
                        "offer": "[variables('imageOffer')]",
                        "sku": "[variables('imageSku')]",
                        "version": "latest"
                    },
                    "osDisk": {
                        "name": "osdisk",
                        "vhd": {
                            "uri": "[concat('http://',parameters('newStorageAccountName'),'.blob.core.windows.net/vhds/dc-vm-os-disk.vhd')]"
                        },
                        "caching": "ReadWrite",
                        "createOption": "FromImage"
                    },
                    "dataDisks": [
                        {
                            "name": "dc-vm-data-disk",
                            "vhd": {
                                "Uri": "[concat('http://',parameters('newStorageAccountName'),'.blob.core.windows.net/vhds/dc-vm-data-disk.vhd')]"
                            },
                            "caching": "None",
                            "createOption": "Empty",
                            "diskSizeGB": "1000",
                            "lun": 0
                        }
                    ]
                },
                "networkProfile": {
                    "networkInterfaces": [
                        {
                            "id": "[resourceId('Microsoft.Network/networkInterfaces','dc-nif')]"
                        }
                    ]
                }
            },
            "resources": [
                {
                    "type": "Microsoft.Compute/virtualMachines/extensions",
                    "name": "dc-vm/createadforest",
                    "apiVersion": "2015-05-01-preview",
                    "location": "[resourceGroup().location]",
                    "dependsOn": [
                        "[resourceId('Microsoft.Compute/virtualMachines', 'dc-vm')]"
                    ],
                    "properties": {
                        "publisher": "Microsoft.Powershell",
                        "type": "DSC",
                        "typeHandlerVersion": "2.8",
                        "settings": {
                            "ModulesUrl": "https://raw.githubusercontent.com/Azure/azure-quickstart-templates/master/active-directory-new-domain/CreateADPDC.ps1.zip",
                            "ConfigurationFunction": "CreateADPDC.ps1\\CreateADPDC",
                            "Properties": {
                                "DomainName": "[parameters('domainName')]",
                                "AdminCreds": {
                                    "UserName": "[parameters('adminUsername')]",
                                    "Password": "PrivateSettingsRef:AdminPassword"
                                }
                            }
                        },
                        "protectedSettings": {
                            "Items": {
                                "AdminPassword": "[parameters('adminPassword')]"
                            }
                        }
                    }
                }
            ]
        },
 
        {
            "apiVersion": "2015-01-01",
            "type": "Microsoft.Resources/deployments",
            "name": "updatevnetdns",
            "dependsOn": [
                "Microsoft.Compute/virtualMachines/dc-vm/extensions/createadforest"
            ],
            "properties": {
                "mode": "Incremental",
                "templateLink": {
                    "uri": "[concat(variables('customScriptLocation'),'vnet-with-dns-server.json')]",
                    "contentVersion": "1.0.0.0"
                },
                "parameters": {
                    "virtualNetworkName": {
                        "value": "VNET"
                    },
                    "virtualNetworkAddressRange": {
                        "value": "[variables('vnetAddressRange')]"
                    },
                    "subnetName": {
                        "value": "[variables('subnetName')]"
                    },
                    "subnetRange": {
                        "value": "[variables('subnetAddressRange')]"
                    },
                    "DNSServerAddress": {
                        "value": [ "[variables('dnsServerPrivateIp')]" ]
                    }
                }
            }
        },

        {
            "apiVersion": "2015-05-01-preview",
            "type": "Microsoft.Network/networkInterfaces",
            "name": "gw-nif",
            "location": "[resourceGroup().location]",
            "dependsOn": [
                "Microsoft.Network/loadBalancers/loadBalancer",
                "Microsoft.Resources/deployments/updatevnetdns"
            ],
            "properties": {
                "ipConfigurations": [
                    {
                        "name": "ipconfig",
                        "properties": {
                            "privateIPAllocationMethod": "Dynamic",
                            "subnet": {
                                "id": "[variables('subnet-id')]"
                            },
                            "loadBalancerBackendAddressPools": [
                                {
                                    "id": "[concat(resourceId('Microsoft.Network/loadBalancers','loadBalancer'),'/backendAddressPools/LBBAP')]"
                                }
                            ],
                            "loadBalancerInboundNatRules": [
                                {
                                    "id": "[concat(resourceId('Microsoft.Network/loadBalancers','loadBalancer'),'/inboundNatRules/https')]"
                                },
                                {
                                    "id": "[concat(resourceId('Microsoft.Network/loadBalancers','loadBalancer'),'/inboundNatRules/gateway')]"
                                }
                            ]
                        }
                    }
                ]
            }
        },

        {
            "apiVersion": "2015-05-01-preview",
            "type": "Microsoft.Network/networkInterfaces",
            "name": "cb-nif",
            "location": "[resourceGroup().location]",
            "dependsOn": [
                "Microsoft.Resources/deployments/updatevnetdns"
            ],
            "properties": {
                "ipConfigurations": [
                    {
                        "name": "ipconfig",
                        "properties": {
                            "privateIPAllocationMethod": "Dynamic",
                            "subnet": {
                                "id": "[variables('subnet-id')]"
                            }
                        }
                    }
                ]
            }
        },

        {
            "apiVersion": "2015-05-01-preview",
            "type": "Microsoft.Network/networkInterfaces",
            "name": "[concat('rdsh-', copyindex(), '-nif')]",
            "location": "[resourceGroup().location]",
            "copy": {
                "name": "rdsh-nif-loop",
                "count": "[parameters('numberOfRdshInstances')]"
            },
            "dependsOn": [
                "Microsoft.Resources/deployments/updatevnetdns"
            ],
            "properties": {
                "ipConfigurations": [
                    {
                        "name": "ipconfig",
                        "properties": {
                            "privateIPAllocationMethod": "Dynamic",
                            "subnet": {
                                "id": "[variables('subnet-id')]"
                            }
                        }
                    }
                ]
            }
        },

        {
            "apiVersion": "2015-05-01-preview",
            "type": "Microsoft.Compute/virtualMachines",
            "name": "gw-vm",
            "location": "[resourceGroup().location]",
            "dependsOn": [
                "[concat('Microsoft.Storage/storageAccounts/', parameters('newStorageAccountName'))]",
                "[resourceId('Microsoft.Compute/availabilitySets', 'availabilityset')]",
                "Microsoft.Network/networkInterfaces/gw-nif"
            ],
            "properties": {
                "hardwareProfile": {
                    "vmSize": "Standard_D2"
                },
                "availabilitySet": {
                    "id": "[resourceId('Microsoft.Compute/availabilitySets', 'availabilityset')]"
                },
                "osProfile": {
                    "computerName": "gateway",
                    "adminUsername": "[parameters('adminUsername')]",
                    "adminPassword": "[parameters('adminPassword')]"
                },
                "storageProfile": {
                    "imageReference": {
                        "publisher": "[variables('imagePublisher')]",
                        "offer": "[variables('imageOffer')]",
                        "sku": "[variables('imageSKU')]",
                        "version": "latest"
                    },
                    "osDisk": {
                        "name": "osdisk",
                        "vhd": {
                            "uri": "[concat('http://',parameters('newStorageAccountName'),'.blob.core.windows.net/vhds/gw-vm-osdisk.vhd')]"
                        },
                        "caching": "ReadWrite",
                        "createOption": "FromImage"
                    }
                },
                "networkProfile": {
                    "networkInterfaces": [
                        {
                            "id": "[resourceId('Microsoft.Network/networkInterfaces','gw-nif')]"
                        }
                    ]
                }
            },
            "resources": [
                {
                    "apiVersion": "2015-05-01-preview",
                    "type": "Microsoft.Compute/virtualMachines/extensions",
                    "name": "gw-vm/gateway",
                    "location": "[resourceGroup().location]",
                    "dependsOn": [
                        "[resourceId('Microsoft.Compute/virtualMachines', 'gw-vm')]"
                    ],
                    "properties": {
                        "publisher": "Microsoft.Powershell",
                        "type": "DSC",
                        "typeHandlerVersion": "2.8",
                        "settings": {
                            "ModulesUrl": "[concat(parameters('assetLocation'),'/Configuration.zip')]",
                            "ConfigurationFunction": "Configuration.ps1\\Gateway",
                            "Properties": {
                                "DomainName": "[parameters('domainName')]",
                                "AdminCreds": {
                                    "UserName": "[parameters('adminUsername')]",
                                    "Password": "PrivateSettingsRef:AdminPassword"
 				    
                                },
  				      "gridName": "[variables('ecGridname')]",
				      "LUS": "broker.test.local",
				      "tenant": "a"

                            }
                        },
                        "protectedSettings": {
                            "Items": {
                                "AdminPassword": "[parameters('adminPassword')]"
                            }
                        }
                    }
                }
            ]
        },

        {
            "apiVersion": "2015-05-01-preview",
            "type": "Microsoft.Compute/virtualMachines",
            "name": "[concat('rdsh-', copyindex())]",
            "location": "[resourceGroup().location]",
            "copy": {
                "name": "rdsh-vm-loop",
                "count": "[parameters('numberOfRdshInstances')]"
            },
            "dependsOn": [
                "[concat('Microsoft.Storage/storageAccounts/', parameters('newStorageAccountName'))]",
                "[concat('Microsoft.Network/networkInterfaces/', 'rdsh-', copyindex(), '-nif')]"

            ],
            "properties": {
                "hardwareProfile": {
                    "vmSize": "[parameters('rdshVmSize')]"
                },
                "osProfile": {
                    "computerName": "[concat('rdsh-', copyIndex())]",
                    "adminUsername": "[parameters('adminUsername')]",
                    "adminPassword": "[parameters('adminPassword')]"
                },
                "storageProfile": {
                    "imageReference": {
                        "publisher": "[variables('imagePublisher')]",
                        "offer": "[variables('imageOffer')]",
                        "sku": "[variables('imageSKU')]",
                        "version": "latest"
                    },
                    "osDisk": {
                        "name": "osdisk",
                        "vhd": {
                            "uri": "[concat('http://',parameters('newStorageAccountName'),'.blob.core.windows.net/vhds/rdsh-',copyindex(),'-osdisk.vhd')]"
                        },
                        "caching": "ReadWrite",
                        "createOption": "FromImage"
                    }
                },
                "networkProfile": {
                    "networkInterfaces": [
                        {
                            "id": "[resourceId('Microsoft.Network/networkInterfaces',concat('rdsh-', copyindex(), '-nif'))]"
                        }
                    ]
                }
            },
            "resources": [
                {
                    "apiVersion": "2015-05-01-preview",
                    "type": "Microsoft.Compute/virtualMachines/extensions",
                    "name": "[concat('rdsh-', copyindex(),'/sessionhost')]",
                    "location": "[resourceGroup().location]",
                    "dependsOn": [
                        "[resourceId('Microsoft.Compute/virtualMachines', concat('rdsh-', copyindex()))]"
                    ],
                    "properties": {
                        "publisher": "Microsoft.Powershell",
                        "type": "DSC",
                        "typeHandlerVersion": "2.8",
                        "settings": {
                            "ModulesUrl": "[concat(parameters('assetLocation'),'/Configuration.zip')]",
                            "ConfigurationFunction": "Configuration.ps1\\SessionHost",
                            "Properties": {
                                "DomainName": "[parameters('domainName')]",
                                "AdminCreds": {
                                    "UserName": "[parameters('adminUsername')]",
                                    "Password": "PrivateSettingsRef:AdminPassword"
                                },
 				  "gridName": "[variables('ecGridname')]",
				  "LUS": "broker.test.local",
				  "tenant": "b"

                            }
                        },
                        "protectedSettings": {
                            "Items": {
                                "AdminPassword": "[parameters('adminPassword')]"
                            }
                        }
                    }
                }
            ]
        },


        {
            "apiVersion": "2015-05-01-preview",
            "type": "Microsoft.Compute/virtualMachines",
            "name": "cb-vm",
            "location": "[resourceGroup().location]",
            "dependsOn": [
                "[concat('Microsoft.Storage/storageAccounts/', parameters('newStorageAccountName'))]",
                "[resourceId('Microsoft.Compute/availabilitySets', 'availabilityset')]",
                "Microsoft.Network/networkInterfaces/cb-nif"
            ],
            "properties": {
                "hardwareProfile": {
                    "vmSize": "Standard_D3"
                },
                "availabilitySet": {
                    "id": "[resourceId('Microsoft.Compute/availabilitySets', 'availabilityset')]"
                },
                "osProfile": {
                    "computerName": "broker",
                    "adminUsername": "[parameters('adminUsername')]",
                    "adminPassword": "[parameters('adminPassword')]"
                },
                "storageProfile": {
                    "imageReference": {
                        "publisher": "[variables('imagePublisher')]",
                        "offer": "[variables('imageOffer')]",
                        "sku": "[variables('imageSKU')]",
                        "version": "latest"
                    },
                    "osDisk": {
                        "name": "osdisk",
                        "vhd": {
                            "uri": "[concat('http://',parameters('newStorageAccountName'),'.blob.core.windows.net/vhds/cb-vm-osdisk.vhd')]"
                        },
                        "caching": "ReadWrite",
                        "createOption": "FromImage"
                    }
                },
                "networkProfile": {
                    "networkInterfaces": [
                        {
                            "id": "[resourceId('Microsoft.Network/networkInterfaces','cb-nif')]"
                        }
                    ]
                }
            }
        },
        {
            "type": "Microsoft.Compute/virtualMachines/extensions",
            "name": "cb-vm/rdsdeployment",
            "apiVersion": "2015-05-01-preview",
            "location": "[resourceGroup().location]",
            "dependsOn": [
                "Microsoft.Compute/virtualMachines/gw-vm/extensions/gateway",
                "rdsh-vm-loop"
            ],
            "properties": {
                "publisher": "Microsoft.Powershell",
                "type": "DSC",
                "typeHandlerVersion": "2.8",
                "settings": {
                    "ModulesUrl": "[concat(parameters('assetLocation'),'/Configuration.zip')]",
                    "ConfigurationFunction": "Configuration.ps1\\RDSDeployment",
                    "Properties": {
                        "domainName": "[parameters('domainName')]",
                        "adminCreds": {
                            "UserName": "[parameters('adminUsername')]",
                            "Password": "PrivateSettingsRef:adminPassword"
                        },
                        "connectionBroker": "[concat('broker.',parameters('domainName'))]",
                        "webAccessServer": "[concat('gateway.',parameters('domainName'))]",
                        "externalfqdn": "[reference(variables('publicIpRef')).dnsSettings.fqdn]",
                        "sessionHostNamingPrefix": "rdsh-",
                        "numberOfRdshInstances": "[parameters('numberOfRdshInstances')]",
			 "gridName": "[variables('ecGridname')]",
			 "sqlserver": "[variables('sqlserver')]",
			 "sqluser": "[variables('sqluser')]",
			 "sqlpassword": "[variables('sqlpassword')]"

                    }
                },
                "protectedSettings": {
                    "Items": {
                        "adminPassword": "[parameters('adminPassword')]"
                    }
                }
            }
        }

    ]
}
