{
  "$schema": "http://schema.management.azure.com/schemas/2015-01-01/deploymentParameters.json#",
  "contentVersion": "1.0.0.0",
  "parameters": {
    "adminPassword": {
      "value": "Ericom123$"
    },
    "adminUsername": {
      "value": "Ericom"
    },
    "assetLocation": {
      "value": "https://github.com/ErezPasternak/azure-quickstart-templates/raw/EricomConnect/ec-deployment-new"
    },
    "domainName": {
      "value": "test.local"
    },
    "newStorageAccountName": {
      "value": "storagedemo"
    },
    "numberOfRdshInstances": {
      "value": 2
    },
    "publicDnsName": {
      "value": "#####"
    }
  }
}
